uid,semester,attendance
24-AI&DSA01-28,Semester 2,93
24-AI&DSA02-28,Semester 2,93
24-AI&DSA03-28,Semester 2,87
24-AI&DSA04-28,Semester 2,79
24-AI&DSA05-28,Semester 2,90
24-AI&DSA06-28,Semester 2,91
24-AI&DSA07-28,Semester 2,89
24-AI&DSA08-28,Semester 2,87
24-AI&DSA09-28,Semester 2,91
24-AI&DSA10-28,Semester 2,94
24-AI&DSA11-28,Semester 2,96
24-AI&DSA12-28,Semester 2,93
24-AI&DSA13-28,Semester 2,81
24-AI&DSA14-28,Semester 2,95
24-AI&DSA15-28,Semester 2,90
24-AI&DSA16-28,Semester 2,94
24-AI&DSA17-28,Semester 2,96
24-AI&DSA18-28,Semester 2,91
24-AI&DSA19-28,Semester 2,94
24-AI&DSA20-28,Semester 2,88
24-AI&DSA21-28,Semester 2,87
24-AI&DSA22-28,Semester 2,95
24-AI&DSA23-28,Semester 2,88
24-AI&DSA24-28,Semester 2,83
24-AI&DSA25-28,Semester 2,89
24-AI&DSA26-28,Semester 2,92
24-AI&DSA27-28,Semester 2,94
24-AI&DSA28-28,Semester 2,92
24-AI&DSA29-28,Semester 2,89
24-AI&DSA30-28,Semester 2,88
24-AI&DSA31-28,Semester 2,91
24-AI&DSA32-28,Semester 2,87
24-AI&DSA33-28,Semester 2,85
24-AI&DSA34-28,Semester 2,90
24-AI&DSA35-28,Semester 2,90
24-AI&DSA36-28,Semester 2,92
24-AI&DSA37-28,Semester 2,92
24-AI&DSA38-28,Semester 2,91
24-AI&DSA39-28,Semester 2,85
24-AI&DSA40-28,Semester 2,90
24-AI&DSA41-28,Semester 2,90
24-AI&DSA42-28,Semester 2,89
24-AI&DSA43-28,Semester 2,91
24-AI&DSA44-28,Semester 2,90
24-AI&DSA45-28,Semester 2,88
24-AI&DSA46-28,Semester 2,92
24-AI&DSA47-28,Semester 2,93
24-AI&DSA48-28,Semester 2,83
24-AI&DSA49-28,Semester 2,91
24-AI&DSA50-28,Semester 2,89
24-AI&DSA51-28,Semester 2,84
24-AI&DSA52-28,Semester 2,94
24-AI&DSA53-28,Semester 2,83
24-AI&DSA54-28,Semester 2,87
24-AI&DSA55-28,Semester 2,95
24-AI&DSA56-28,Semester 2,87
24-AI&DSA57-28,Semester 2,92
24-AI&DSA58-28,Semester 2,88
24-AI&DSA59-28,Semester 2,95
24-AI&DSA60-28,Semester 2,86
24-AI&DSA61-28,Semester 2,95
24-AI&DSA62-28,Semester 2,87
24-AI&DSA63-28,Semester 2,85
25-AI&DSA66-28,Semester 2,0
25-AI&DSA67-28,Semester 2,0
25-AI&DSA68-28,Semester 2,0
25-AI&DSA69-28,Semester 2,0
25-AI&DSA70-28,Semester 2,0
24-AI&DSB01-28,Semester 2,88
24-AI&DSB02-28,Semester 2,80
24-AI&DSB03-28,Semester 2,78
24-AI&DSB04-28,Semester 2,88
24-AI&DSB05-28,Semester 2,84
24-AI&DSB06-28,Semester 2,79
24-AI&DSB07-28,Semester 2,78
24-AI&DSB08-28,Semester 2,79
24-AI&DSB09-28,Semester 2,84
24-AI&DSB10-28,Semester 2,79
24-AI&DSB11-28,Semester 2,96
24-AI&DSB12-28,Semester 2,87
24-AI&DSB13-28,Semester 2,94
24-AI&DSB14-28,Semester 2,79
24-AI&DSB15-28,Semester 2,82
24-AI&DSB16-28,Semester 2,86
24-AI&DSB17-28,Semester 2,84
24-AI&DSB18-28,Semester 2,88
24-AI&DSB19-28,Semester 2,96
24-AI&DSB20-28,Semester 2,80
24-AI&DSB21-28,Semester 2,84
24-AI&DSB22-28,Semester 2,95
24-AI&DSB23-28,Semester 2,80
24-AI&DSB24-28,Semester 2,87
24-AI&DSB25-28,Semester 2,89
24-AI&DSB26-28,Semester 2,95
24-AI&DSB27-28,Semester 2,90
24-AI&DSB28-28,Semester 2,92
24-AI&DSB29-28,Semester 2,92
24-AI&DSB30-28,Semester 2,77
24-AI&DSB31-28,Semester 2,96
24-AI&DSB32-28,Semester 2,86
24-AI&DSB33-28,Semester 2,87
24-AI&DSB34-28,Semester 2,96
24-AI&DSB35-28,Semester 2,90
24-AI&DSB36-28,Semester 2,87
24-AI&DSB37-28,Semester 2,79
24-AI&DSB38-28,Semester 2,92
24-AI&DSB39-28,Semester 2,86
24-AI&DSB40-28,Semester 2,94
24-AI&DSB41-28,Semester 2,85
24-AI&DSB42-28,Semester 2,83
24-AI&DSB43-28,Semester 2,91
24-AI&DSB44-28,Semester 2,94
24-AI&DSB45-28,Semester 2,87
24-AI&DSB46-28,Semester 2,95
24-AI&DSB47-28,Semester 2,94
24-AI&DSB48-28,Semester 2,85
24-AI&DSB49-28,Semester 2,94
24-AI&DSB50-28,Semester 2,96
24-AI&DSB51-28,Semester 2,95
24-AI&DSB52-28,Semester 2,92
24-AI&DSB53-28,Semester 2,88
24-AI&DSB54-28,Semester 2,93
24-AI&DSB55-28,Semester 2,91
24-AI&DSB56-28,Semester 2,83
24-AI&DSB57-28,Semester 2,86
24-AI&DSB58-28,Semester 2,79
24-AI&DSB59-28,Semester 2,81
24-AI&DSB60-28,Semester 2,87
24-AI&DSB61-28,Semester 2,92
24-AI&DSB62-28,Semester 2,90
24-AI&DSB63-28,Semester 2,97
25-AI&DSB64-28,Semester 2,0
25-AI&DSB65-28,Semester 2,0
25-AI&DSB66-28,Semester 2,0
25-AI&DSB67-28,Semester 2,0
25-AI&DSB68-28,Semester 2,0
25-AI&DSB69-28,Semester 2,0
25-AI&DSB70-28,Semester 2,0
24-AI&DSC01-28,Semester 2,83
24-AI&DSC02-28,Semester 2,82
24-AI&DSC03-28,Semester 2,88
24-AI&DSC04-28,Semester 2,88
24-AI&DSC05-28,Semester 2,83
24-AI&DSC06-28,Semester 2,89
24-AI&DSC07-28,Semester 2,90
24-AI&DSC08-28,Semester 2,82
24-AI&DSC09-28,Semester 2,90
24-AI&DSC10-28,Semester 2,90
24-AI&DSC11-28,Semester 2,85
24-AI&DSC12-28,Semester 2,80
24-AI&DSC13-28,Semester 2,88
24-AI&DSC14-28,Semester 2,87
24-AI&DSC15-28,Semester 2,91
24-AI&DSC16-28,Semester 2,93
24-AI&DSC17-28,Semester 2,85
24-AI&DSC18-28,Semester 2,85
24-AI&DSC19-28,Semester 2,89
24-AI&DSC20-28,Semester 2,95
24-AI&DSC21-28,Semester 2,91
24-AI&DSC22-28,Semester 2,87
24-AI&DSC23-28,Semester 2,82
24-AI&DSC24-28,Semester 2,94
24-AI&DSC25-28,Semester 2,93
24-AI&DSC26-28,Semester 2,85
24-AI&DSC27-28,Semester 2,83
24-AI&DSC28-28,Semester 2,81
24-AI&DSC29-28,Semester 2,81
24-AI&DSC30-28,Semester 2,91
24-AI&DSC31-28,Semester 2,91
24-AI&DSC32-28,Semester 2,88
24-AI&DSC33-28,Semester 2,90
24-AI&DSC34-28,Semester 2,92
24-AI&DSC35-28,Semester 2,82
24-AI&DSC36-28,Semester 2,88
24-AI&DSC37-28,Semester 2,82
24-AI&DSC38-28,Semester 2,91
24-AI&DSC39-28,Semester 2,82
24-AI&DSC40-28,Semester 2,81
24-AI&DSC41-28,Semester 2,78
24-AI&DSC42-28,Semester 2,96
24-AI&DSC43-28,Semester 2,96
24-AI&DSC44-28,Semester 2,81
24-AI&DSC45-28,Semester 2,86
24-AI&DSC46-28,Semester 2,87
24-AI&DSC47-28,Semester 2,92
24-AI&DSC48-28,Semester 2,81
24-AI&DSC49-28,Semester 2,86
24-AI&DSC50-28,Semester 2,93
24-AI&DSC51-28,Semester 2,94
24-AI&DSC52-28,Semester 2,85
24-AI&DSC53-28,Semester 2,87
24-AI&DSC54-28,Semester 2,91
24-AI&DSC55-28,Semester 2,84
24-AI&DSC56-28,Semester 2,82
24-AI&DSC57-28,Semester 2,95
24-AI&DSC58-28,Semester 2,93
24-AI&DSC59-28,Semester 2,95
24-AI&DSC60-28,Semester 2,93
24-AI&DSC61-28,Semester 2,96
24-AI&DSC62-28,Semester 2,93
24-AI&DSC63-28,Semester 2,96
25-AI&DSC64-28,Semester 2,0
25-AI&DSC65-28,Semester 2,0
25-AI&DSC66-28,Semester 2,0
25-AI&DSC67-28,Semester 2,0
25-AI&DSC68-28,Semester 2,0
25-AI&DSC69-28,Semester 2,0
24-AI&MLA01-28,Semester 2,92
24-AI&MLA02-28,Semester 2,75
24-AI&MLA03-28,Semester 2,85
24-AI&MLA04-28,Semester 2,80
24-AI&MLA05-28,Semester 2,81
24-AI&MLA06-28,Semester 2,83
24-AI&MLA07-28,Semester 2,86
24-AI&MLA08-28,Semester 2,81
24-AI&MLA09-28,Semester 2,37
24-AI&MLA10-28,Semester 2,82
24-AI&MLA11-28,Semester 2,84
24-AI&MLA12-28,Semester 2,82
24-AI&MLA13-28,Semester 2,90
24-AI&MLA14-28,Semester 2,80
24-AI&MLA15-28,Semester 2,73
24-AI&MLA16-28,Semester 2,85
24-AI&MLA17-28,Semester 2,84
24-AI&MLA18-28,Semester 2,89
24-AI&MLA19-28,Semester 2,89
24-AI&MLA20-28,Semester 2,92
24-AI&MLA21-28,Semester 2,90
24-AI&MLA22-28,Semester 2,86
24-AI&MLA23-28,Semester 2,88
24-AI&MLA24-28,Semester 2,96
24-AI&MLA25-28,Semester 2,81
24-AI&MLA26-28,Semester 2,82
24-AI&MLA27-28,Semester 2,95
24-AI&MLA28-28,Semester 2,86
24-AI&MLA29-28,Semester 2,86
24-AI&MLA30-28,Semester 2,91
24-AI&MLA31-28,Semester 2,81
24-AI&MLA32-28,Semester 2,81
24-AI&MLA33-28,Semester 2,86
24-AI&MLA34-28,Semester 2,84
24-AI&MLA35-28,Semester 2,85
24-AI&MLA36-28,Semester 2,86
24-AI&MLA37-28,Semester 2,79
24-AI&MLA38-28,Semester 2,91
24-AI&MLA39-28,Semester 2,96
24-AI&MLA40-28,Semester 2,96
24-AI&MLA41-28,Semester 2,80
24-AI&MLA42-28,Semester 2,80
24-AI&MLA43-28,Semester 2,87
24-AI&MLA44-28,Semester 2,81
24-AI&MLA45-28,Semester 2,91
24-AI&MLA46-28,Semester 2,94
24-AI&MLA47-28,Semester 2,98
24-AI&MLA48-28,Semester 2,76
24-AI&MLA49-28,Semester 2,83
24-AI&MLA50-28,Semester 2,89
24-AI&MLA51-28,Semester 2,88
24-AI&MLA52-28,Semester 2,81
24-AI&MLA53-28,Semester 2,98
24-AI&MLA54-28,Semester 2,92
24-AI&MLA55-28,Semester 2,83
24-AI&MLA56-28,Semester 2,97
24-AI&MLA57-28,Semester 2,80
24-AI&MLA58-28,Semester 2,79
24-AI&MLA59-28,Semester 2,80
24-AI&MLA60-28,Semester 2,86
24-AI&MLA61-28,Semester 2,90
24-AI&MLA62-28,Semester 2,80
25-AI&MLA64-28,Semester 2,0
25-AI&MLA65-28,Semester 2,0
25-AI&MLA66-28,Semester 2,0
25-AI&MLA67-28,Semester 2,0
25-AI&MLA68-28,Semester 2,0
25-AI&MLA69-28,Semester 2,0
24-AI&MLB01-28,Semester 2,0
24-AI&MLB02-28,Semester 2,83
24-AI&MLB03-28,Semester 2,88
24-AI&MLB04-28,Semester 2,95
24-AI&MLB05-28,Semester 2,82
24-AI&MLB06-28,Semester 2,84
24-AI&MLB07-28,Semester 2,89
24-AI&MLB08-28,Semester 2,86
24-AI&MLB09-28,Semester 2,84
24-AI&MLB10-28,Semester 2,81
24-AI&MLB11-28,Semester 2,94
24-AI&MLB12-28,Semester 2,81
24-AI&MLB13-28,Semester 2,88
24-AI&MLB14-28,Semester 2,77
24-AI&MLB15-28,Semester 2,89
24-AI&MLB16-28,Semester 2,94
24-AI&MLB17-28,Semester 2,87
24-AI&MLB18-28,Semester 2,85
24-AI&MLB19-28,Semester 2,88
24-AI&MLB20-28,Semester 2,83
24-AI&MLB21-28,Semester 2,92
24-AI&MLB22-28,Semester 2,90
24-AI&MLB23-28,Semester 2,81
24-AI&MLB24-28,Semester 2,78
24-AI&MLB25-28,Semester 2,90
24-AI&MLB26-28,Semester 2,96
24-AI&MLB27-28,Semester 2,92
24-AI&MLB28-28,Semester 2,79
24-AI&MLB29-28,Semester 2,79
24-AI&MLB30-28,Semester 2,90
24-AI&MLB31-28,Semester 2,91
24-AI&MLB32-28,Semester 2,84
24-AI&MLB33-28,Semester 2,83
24-AI&MLB34-28,Semester 2,81
24-AI&MLB35-28,Semester 2,85
24-AI&MLB36-28,Semester 2,96
24-AI&MLB37-28,Semester 2,87
24-AI&MLB38-28,Semester 2,88
24-AI&MLB39-28,Semester 2,87
24-AI&MLB40-28,Semester 2,81
24-AI&MLB41-28,Semester 2,81
24-AI&MLB42-28,Semester 2,93
24-AI&MLB43-28,Semester 2,87
24-AI&MLB44-28,Semester 2,93
24-AI&MLB45-28,Semester 2,80
24-AI&MLB46-28,Semester 2,81
24-AI&MLB47-28,Semester 2,86
24-AI&MLB48-28,Semester 2,81
24-AI&MLB49-28,Semester 2,86
24-AI&MLB50-28,Semester 2,76
24-AI&MLB51-28,Semester 2,90
24-AI&MLB52-28,Semester 2,77
24-AI&MLB53-28,Semester 2,77
24-AI&MLB54-28,Semester 2,79
24-AI&MLB55-28,Semester 2,80
24-AI&MLB56-28,Semester 2,83
24-AI&MLB57-28,Semester 2,92
24-AI&MLB58-28,Semester 2,92
24-AI&MLB59-28,Semester 2,88
24-AI&MLB60-28,Semester 2,92
24-AI&MLB61-28,Semester 2,74
24-AI&MLB62-28,Semester 2,85
24-AI&MLB63-28,Semester 2,91
25-AI&MLB64-28,Semester 2,0
25-AI&MLB65-28,Semester 2,0
25-AI&MLB66-28,Semester 2,0
25-AI&MLB67-28,Semester 2,0
25-AI&MLB68-28,Semester 2,0
25-AI&MLB69-28,Semester 2,0
24-AI&MLC01-28,Semester 2,0
24-AI&MLC02-28,Semester 2,78
24-AI&MLC03-28,Semester 2,79
24-AI&MLC04-28,Semester 2,80
24-AI&MLC05-28,Semester 2,79
24-AI&MLC06-28,Semester 2,86
24-AI&MLC07-28,Semester 2,81
24-AI&MLC08-28,Semester 2,79
24-AI&MLC09-28,Semester 2,90
24-AI&MLC10-28,Semester 2,81
24-AI&MLC11-28,Semester 2,79
24-AI&MLC12-28,Semester 2,80
24-AI&MLC13-28,Semester 2,74
24-AI&MLC14-28,Semester 2,78
24-AI&MLC15-28,Semester 2,82
24-AI&MLC16-28,Semester 2,82
24-AI&MLC17-28,Semester 2,83
24-AI&MLC18-28,Semester 2,81
24-AI&MLC19-28,Semester 2,82
24-AI&MLC20-28,Semester 2,88
24-AI&MLC21-28,Semester 2,78
24-AI&MLC22-28,Semester 2,93
24-AI&MLC23-28,Semester 2,83
24-AI&MLC24-28,Semester 2,85
24-AI&MLC25-28,Semester 2,78
24-AI&MLC26-28,Semester 2,80
24-AI&MLC27-28,Semester 2,78
24-AI&MLC28-28,Semester 2,81
24-AI&MLC29-28,Semester 2,80
24-AI&MLC30-28,Semester 2,80
24-AI&MLC31-28,Semester 2,79
24-AI&MLC32-28,Semester 2,81
24-AI&MLC33-28,Semester 2,75
24-AI&MLC34-28,Semester 2,86
24-AI&MLC35-28,Semester 2,84
24-AI&MLC36-28,Semester 2,88
24-AI&MLC37-28,Semester 2,79
24-AI&MLC38-28,Semester 2,78
24-AI&MLC39-28,Semester 2,78
24-AI&MLC40-28,Semester 2,84
24-AI&MLC41-28,Semester 2,80
24-AI&MLC42-28,Semester 2,92
24-AI&MLC43-28,Semester 2,86
24-AI&MLC44-28,Semester 2,84
24-AI&MLC45-28,Semester 2,89
24-AI&MLC46-28,Semester 2,78
24-AI&MLC47-28,Semester 2,78
24-AI&MLC48-28,Semester 2,78
24-AI&MLC49-28,Semester 2,91
24-AI&MLC50-28,Semester 2,79
24-AI&MLC51-28,Semester 2,80
24-AI&MLC52-28,Semester 2,84
24-AI&MLC53-28,Semester 2,94
24-AI&MLC54-28,Semester 2,92
24-AI&MLC55-28,Semester 2,79
24-AI&MLC56-28,Semester 2,95
24-AI&MLC57-28,Semester 2,81
24-AI&MLC58-28,Semester 2,86
24-AI&MLC59-28,Semester 2,90
24-AI&MLC60-28,Semester 2,92
24-AI&MLC61-28,Semester 2,83
24-AI&MLC62-28,Semester 2,80
24-AI&MLC63-28,Semester 2,84
25-AI&MLC64-28,Semester 2,0
25-AI&MLC65-28,Semester 2,0
25-AI&MLC66-28,Semester 2,0
25-AI&MLC67-28,Semester 2,0
25-AI&MLC68-28,Semester 2,0
25-AI&MLC69-28,Semester 2,0
25-AI&MLC70-28,Semester 2,0
24-CIVIL01-28,Semester 2,0
24-CIVIL02-28,Semester 2,83
24-CIVIL03-28,Semester 2,78
24-CIVIL04-28,Semester 2,83
24-CIVIL05-28,Semester 2,83
24-CIVIL06-28,Semester 2,79
24-CIVIL07-28,Semester 2,78
24-CIVIL08-28,Semester 2,86
24-CIVIL09-28,Semester 2,83
24-CIVIL10-28,Semester 2,73
24-CIVIL11-28,Semester 2,73
24-CIVIL12-28,Semester 2,73
24-CIVIL13-28,Semester 2,81
24-CIVIL14-28,Semester 2,79
24-CIVIL15-28,Semester 2,78
24-CIVIL16-28,Semester 2,87
24-CIVIL17-28,Semester 2,83
24-CIVIL18-28,Semester 2,83
24-CIVIL19-28,Semester 2,83
24-CIVIL20-28,Semester 2,83
24-CIVIL21-28,Semester 2,83
24-CIVIL22-28,Semester 2,81
24-CIVIL23-28,Semester 2,87
24-CIVIL24-28,Semester 2,82
24-CIVIL25-28,Semester 2,89
24-CIVIL26-28,Semester 2,77
24-CIVIL27-28,Semester 2,80
24-CIVIL28-28,Semester 2,80
24-CIVIL29-28,Semester 2,79
24-CIVIL30-28,Semester 2,77
24-CIVIL31-28,Semester 2,81
24-CIVIL32-28,Semester 2,85
24-CIVIL33-28,Semester 2,85
24-CIVIL34-28,Semester 2,78
24-CIVIL35-28,Semester 2,78
24-CIVIL36-28,Semester 2,87
24-CIVIL37-28,Semester 2,91
24-CIVIL38-28,Semester 2,94
24-CIVIL39-28,Semester 2,80
24-CIVIL40-28,Semester 2,73
24-CIVIL41-28,Semester 2,80
24-CIVIL42-28,Semester 2,78
24-CIVIL43-28,Semester 2,78
24-CIVIL44-28,Semester 2,79
24-CIVIL45-28,Semester 2,79
24-CIVIL46-28,Semester 2,89
24-CIVIL47-28,Semester 2,78
24-CIVIL48-28,Semester 2,81
24-CIVIL49-28,Semester 2,86
24-CIVIL50-28,Semester 2,88
24-CIVIL51-28,Semester 2,89
24-CIVIL52-28,Semester 2,82
24-CIVIL53-28,Semester 2,88
24-CIVIL54-28,Semester 2,82
24-CIVIL55-28,Semester 2,79
24-CIVIL56-28,Semester 2,81
24-CIVIL57-28,Semester 2,81
24-CIVIL58-28,Semester 2,80
24-CIVIL59-28,Semester 2,78
24-CIVIL60-28,Semester 2,80
24-CIVIL61-28,Semester 2,79
24-CIVIL62-28,Semester 2,79
24-CIVIL63-28,Semester 2,88
24-CIVIL64-28,Semester 2,81
24-CIVIL65-28,Semester 2,81
25-CIVIL66-28,Semester 2,0
25-CIVIL67-29,Semester 2,0
25-CIVIL68-30,Semester 2,0
25-CIVIL69-31,Semester 2,0
25-CIVIL70-32,Semester 2,0
25-CIVIL71-33,Semester 2,0
24-COMPA01-28,Semester 2,0
24-COMPA02-28,Semester 2,83
24-COMPA03-28,Semester 2,94
24-COMPA04-28,Semester 2,87
24-COMPA05-28,Semester 2,81
24-COMPA06-28,Semester 2,94
24-COMPA07-28,Semester 2,80
24-COMPA08-28,Semester 2,78
24-COMPA09-28,Semester 2,84
24-COMPA10-28,Semester 2,91
24-COMPA11-28,Semester 2,79
24-COMPA12-28,Semester 2,79
24-COMPA13-28,Semester 2,79
24-COMPA14-28,Semester 2,78
24-COMPA15-28,Semester 2,94
24-COMPA16-28,Semester 2,94
24-COMPA17-28,Semester 2,97
24-COMPA18-28,Semester 2,89
24-COMPA19-28,Semester 2,84
24-COMPA20-28,Semester 2,81
24-COMPA21-28,Semester 2,94
24-COMPA22-28,Semester 2,97
24-COMPA23-28,Semester 2,83
24-COMPA24-28,Semester 2,83
24-COMPA25-28,Semester 2,86
24-COMPA26-28,Semester 2,78
24-COMPA27-28,Semester 2,79
24-COMPA28-28,Semester 2,96
24-COMPA29-28,Semester 2,81
24-COMPA30-28,Semester 2,90
24-COMPA31-28,Semester 2,96
24-COMPA32-28,Semester 2,77
24-COMPA33-28,Semester 2,98
24-COMPA34-28,Semester 2,85
24-COMPA35-28,Semester 2,88
24-COMPA36-28,Semester 2,89
24-COMPA37-28,Semester 2,81
24-COMPA38-28,Semester 2,90
24-COMPA39-28,Semester 2,82
24-COMPA40-28,Semester 2,84
24-COMPA41-28,Semester 2,84
24-COMPA42-28,Semester 2,91
24-COMPA43-28,Semester 2,96
24-COMPA44-28,Semester 2,89
24-COMPA45-28,Semester 2,95
24-COMPA46-28,Semester 2,94
24-COMPA47-28,Semester 2,79
24-COMPA48-28,Semester 2,92
24-COMPA49-28,Semester 2,93
24-COMPA50-28,Semester 2,90
24-COMPA51-28,Semester 2,96
24-COMPA52-28,Semester 2,92
24-COMPA53-28,Semester 2,88
24-COMPA54-28,Semester 2,87
24-COMPA55-28,Semester 2,92
24-COMPA56-28,Semester 2,73
24-COMPA57-28,Semester 2,84
24-COMPA58-28,Semester 2,96
24-COMPA59-28,Semester 2,93
24-COMPA60-28,Semester 2,88
24-COMPA61-28,Semester 2,81
24-COMPA62-28,Semester 2,97
24-COMPA63-28,Semester 2,89
24-COMPA64-28,Semester 2,89
25-COMPA65-28,Semester 2,0
25-COMPA66-28,Semester 2,0
25-COMPA67-28,Semester 2,0
25-COMPA68-28,Semester 2,0
25-COMPA69-28,Semester 2,0
25-COMPA70-28,Semester 2,0
24-COMPB01-28,Semester 2,0
24-COMPB02-28,Semester 2,80
24-COMPB03-28,Semester 2,79
24-COMPB04-28,Semester 2,96
24-COMPB05-28,Semester 2,78
24-COMPB06-28,Semester 2,87
24-COMPB07-28,Semester 2,95
24-COMPB08-28,Semester 2,87
24-COMPB09-28,Semester 2,90
24-COMPB10-28,Semester 2,79
24-COMPB11-28,Semester 2,86
24-COMPB12-28,Semester 2,94
24-COMPB13-28,Semester 2,80
24-COMPB14-28,Semester 2,96
24-COMPB15-28,Semester 2,84
24-COMPB16-28,Semester 2,90
24-COMPB17-28,Semester 2,90
24-COMPB18-28,Semester 2,81
24-COMPB19-28,Semester 2,86
24-COMPB20-28,Semester 2,85
24-COMPB21-28,Semester 2,90
24-COMPB22-28,Semester 2,87
24-COMPB23-28,Semester 2,98
24-COMPB24-28,Semester 2,89
24-COMPB25-28,Semester 2,98
24-COMPB26-28,Semester 2,91
24-COMPB27-28,Semester 2,87
24-COMPB28-28,Semester 2,95
24-COMPB29-28,Semester 2,85
24-COMPB30-28,Semester 2,90
24-COMPB31-28,Semester 2,73
24-COMPB32-28,Semester 2,91
24-COMPB33-28,Semester 2,94
24-COMPB34-28,Semester 2,93
24-COMPB35-28,Semester 2,90
24-COMPB36-28,Semester 2,90
24-COMPB37-28,Semester 2,84
24-COMPB38-28,Semester 2,88
24-COMPB39-28,Semester 2,73
24-COMPB40-28,Semester 2,83
24-COMPB41-28,Semester 2,73
24-COMPB42-28,Semester 2,73
24-COMPB43-28,Semester 2,87
24-COMPB44-28,Semester 2,89
24-COMPB45-28,Semester 2,90
24-COMPB46-28,Semester 2,87
24-COMPB47-28,Semester 2,94
24-COMPB49-28,Semester 2,85
24-COMPB50-28,Semester 2,73
24-COMPB51-28,Semester 2,91
24-COMPB52-28,Semester 2,73
24-COMPB53-28,Semester 2,92
24-COMPB54-28,Semester 2,93
24-COMPB55-28,Semester 2,93
24-COMPB56-28,Semester 2,86
24-COMPB57-28,Semester 2,87
24-COMPB58-28,Semester 2,86
24-COMPB59-28,Semester 2,97
24-COMPB60-28,Semester 2,96
24-COMPB61-28,Semester 2,83
24-COMPB62-28,Semester 2,93
24-COMPB63-28,Semester 2,94
25-COMPB64-28,Semester 2,0
25-COMPB65-28,Semester 2,0
25-COMPB66-28,Semester 2,0
25-COMPB67-28,Semester 2,0
25-COMPB68-28,Semester 2,0
25-COMPB69-28,Semester 2,0
24-COMPC01-28,Semester 2,0
24-COMPC02-28,Semester 2,89
24-COMPC03-28,Semester 2,87
24-COMPC04-28,Semester 2,93
24-COMPC05-28,Semester 2,86
24-COMPC06-28,Semester 2,88
24-COMPC07-28,Semester 2,90
24-COMPC08-28,Semester 2,88
24-COMPC09-28,Semester 2,96
24-COMPC10-28,Semester 2,80
24-COMPC11-28,Semester 2,93
24-COMPC12-28,Semester 2,93
24-COMPC13-28,Semester 2,86
24-COMPC14-28,Semester 2,88
24-COMPC15-28,Semester 2,89
24-COMPC16-28,Semester 2,91
24-COMPC17-28,Semester 2,91
24-COMPC18-28,Semester 2,94
24-COMPC19-28,Semester 2,83
24-COMPC20-28,Semester 2,80
24-COMPC21-28,Semester 2,94
24-COMPC22-28,Semester 2,89
24-COMPC23-28,Semester 2,80
24-COMPC24-28,Semester 2,85
24-COMPC25-28,Semester 2,81
24-COMPC26-28,Semester 2,95
24-COMPC27-28,Semester 2,83
24-COMPC28-28,Semester 2,83
24-COMPC29-28,Semester 2,85
24-COMPC30-28,Semester 2,92
24-COMPC31-28,Semester 2,93
24-COMPC32-28,Semester 2,96
24-COMPC33-28,Semester 2,96
24-COMPC34-28,Semester 2,95
24-COMPC35-28,Semester 2,94
24-COMPC36-28,Semester 2,91
24-COMPC37-28,Semester 2,81
24-COMPC38-28,Semester 2,93
24-COMPC39-28,Semester 2,90
24-COMPC40-28,Semester 2,86
24-COMPC41-28,Semester 2,75
24-COMPC42-28,Semester 2,91
24-COMPC43-28,Semester 2,94
24-COMPC44-28,Semester 2,81
24-COMPC45-28,Semester 2,91
24-COMPC46-28,Semester 2,73
24-COMPC47-28,Semester 2,86
24-COMPC48-28,Semester 2,80
24-COMPC49-28,Semester 2,97
24-COMPC50-28,Semester 2,83
24-COMPC51-28,Semester 2,94
24-COMPC52-28,Semester 2,94
24-COMPC53-28,Semester 2,91
24-COMPC54-28,Semester 2,87
24-COMPC55-28,Semester 2,87
24-COMPC56-28,Semester 2,75
24-COMPC57-28,Semester 2,91
24-COMPC58-28,Semester 2,87
24-COMPC59-28,Semester 2,75
24-COMPC60-28,Semester 2,83
24-COMPC61-28,Semester 2,97
24-COMPC62-28,Semester 2,89
24-COMPC63-28,Semester 2,75
25-COMPC64-28,Semester 2,94
25-COMPC65-28,Semester 2,0
25-COMPC66-28,Semester 2,0
25-COMPC67-28,Semester 2,0
25-COMPC68-28,Semester 2,0
25-COMPC69-28,Semester 2,0
24-COMPD01-28,Semester 2,0
24-COMPD02-28,Semester 2,78
24-COMPD03-28,Semester 2,80
24-COMPD04-28,Semester 2,85
24-COMPD05-28,Semester 2,84
24-COMPD06-28,Semester 2,88
24-COMPD07-28,Semester 2,91
24-COMPD08-28,Semester 2,81
24-COMPD09-28,Semester 2,94
24-COMPD10-28,Semester 2,84
24-COMPD11-28,Semester 2,95
24-COMPD12-28,Semester 2,96
24-COMPD13-28,Semester 2,88
24-COMPD14-28,Semester 2,81
24-COMPD15-28,Semester 2,78
24-COMPD16-28,Semester 2,98
24-COMPD17-28,Semester 2,89
24-COMPD18-28,Semester 2,85
24-COMPD19-28,Semester 2,84
24-COMPD20-28,Semester 2,79
24-COMPD21-28,Semester 2,82
24-COMPD22-28,Semester 2,96
24-COMPD23-28,Semester 2,82
24-COMPD24-28,Semester 2,85
24-COMPD25-28,Semester 2,86
24-COMPD26-28,Semester 2,92
24-COMPD27-28,Semester 2,88
24-COMPD28-28,Semester 2,88
24-COMPD29-28,Semester 2,84
24-COMPD30-28,Semester 2,82
24-COMPD31-28,Semester 2,93
24-COMPD32-28,Semester 2,94
24-COMPD33-28,Semester 2,91
24-COMPD34-28,Semester 2,82
24-COMPD35-28,Semester 2,81
24-COMPD36-28,Semester 2,93
24-COMPD37-28,Semester 2,88
24-COMPD38-28,Semester 2,93
24-COMPD39-28,Semester 2,84
24-COMPD40-28,Semester 2,90
24-COMPD41-28,Semester 2,79
24-COMPD42-28,Semester 2,82
24-COMPD43-28,Semester 2,82
24-COMPD44-28,Semester 2,85
24-COMPD45-28,Semester 2,82
24-COMPD46-28,Semester 2,91
24-COMPD47-28,Semester 2,82
24-COMPD48-28,Semester 2,93
24-COMPD49-28,Semester 2,89
24-COMPD50-28,Semester 2,88
24-COMPD51-28,Semester 2,85
24-COMPD52-28,Semester 2,94
24-COMPD53-28,Semester 2,84
24-COMPD54-28,Semester 2,91
24-COMPD55-28,Semester 2,80
24-COMPD56-28,Semester 2,93
24-COMPD57-28,Semester 2,96
24-COMPD58-28,Semester 2,89
24-COMPD59-28,Semester 2,96
24-COMPD60-28,Semester 2,81
24-COMPD61-28,Semester 2,93
24-COMPD62-28,Semester 2,95
24-COMPD63-28,Semester 2,93
25-COMPD65-28,Semester 2,0
25-COMPD67-28,Semester 2,0
25-COMPD68-28,Semester 2,0
25-COMPD69-28,Semester 2,0
25-COMPD70-28,Semester 2,0
25-COMPD71-28,Semester 2,0
24-CS&E01-28,Semester 2,0
24-CS&E02-28,Semester 2,80
24-CS&E03-28,Semester 2,80
24-CS&E04-28,Semester 2,80
24-CS&E05-28,Semester 2,84
24-CS&E06-28,Semester 2,79
24-CS&E07-28,Semester 2,73
24-CS&E08-28,Semester 2,78
24-CS&E09-28,Semester 2,83
24-CS&E10-28,Semester 2,87
24-CS&E11-28,Semester 2,84
24-CS&E12-28,Semester 2,85
24-CS&E13-28,Semester 2,91
24-CS&E14-28,Semester 2,84
24-CS&E15-28,Semester 2,86
24-CS&E16-28,Semester 2,85
24-CS&E17-28,Semester 2,80
24-CS&E18-28,Semester 2,79
24-CS&E19-28,Semester 2,73
24-CS&E20-28,Semester 2,86
24-CS&E21-28,Semester 2,94
24-CS&E22-28,Semester 2,80
24-CS&E23-28,Semester 2,81
24-CS&E24-28,Semester 2,76
24-CS&E25-28,Semester 2,76
24-CS&E26-28,Semester 2,75
24-CS&E27-28,Semester 2,83
24-CS&E28-28,Semester 2,74
24-CS&E29-28,Semester 2,82
24-CS&E30-28,Semester 2,36
24-CS&E31-28,Semester 2,81
24-CS&E32-28,Semester 2,78
24-CS&E33-28,Semester 2,78
24-CS&E34-28,Semester 2,81
24-CS&E35-28,Semester 2,87
24-CS&E36-28,Semester 2,34
24-CS&E37-28,Semester 2,73
24-CS&E38-28,Semester 2,78
24-CS&E39-28,Semester 2,81
24-CS&E40-28,Semester 2,87
24-CS&E41-28,Semester 2,84
24-CS&E42-28,Semester 2,78
24-CS&E43-28,Semester 2,84
24-CS&E44-28,Semester 2,83
24-CS&E45-28,Semester 2,93
24-CS&E46-28,Semester 2,90
24-CS&E47-28,Semester 2,81
24-CS&E48-28,Semester 2,82
24-CS&E49-28,Semester 2,82
24-CS&E50-28,Semester 2,79
24-CS&E51-28,Semester 2,80
24-CS&E52-28,Semester 2,73
24-CS&E53-28,Semester 2,79
24-CS&E54-28,Semester 2,78
24-CS&E55-28,Semester 2,77
24-CS&E56-28,Semester 2,77
24-CS&E57-28,Semester 2,88
24-CS&E58-28,Semester 2,82
24-CS&E59-28,Semester 2,73
24-CS&E60-28,Semester 2,78
24-CS&E61-28,Semester 2,80
24-CS&E62-28,Semester 2,78
24-CS&E63-28,Semester 2,86
24-CS&E64-28,Semester 2,83
25-CS&E67-28,Semester 2,0
25-CS&E68-28,Semester 2,0
25-CS&E69-28,Semester 2,0
25-CS&E70-28,Semester 2,0
25-CS&E71-28,Semester 2,0
25-CS&E72-28,Semester 2,0
24-E&CS01-28,Semester 2,0
24-E&CS02-28,Semester 2,91
24-E&CS03-28,Semester 2,82
24-E&CS04-28,Semester 2,91
24-E&CS05-28,Semester 2,79
24-E&CS06-28,Semester 2,95
24-E&CS07-28,Semester 2,83
24-E&CS08-28,Semester 2,80
24-E&CS09-28,Semester 2,82
24-E&CS10-28,Semester 2,84
24-E&CS11-28,Semester 2,80
24-E&CS12-28,Semester 2,87
24-E&CS13-28,Semester 2,81
24-E&CS14-28,Semester 2,79
24-E&CS15-28,Semester 2,92
24-E&CS16-28,Semester 2,93
24-E&CS17-28,Semester 2,85
24-E&CS18-28,Semester 2,88
24-E&CS19-28,Semester 2,95
24-E&CS20-28,Semester 2,90
24-E&CS21-28,Semester 2,86
24-E&CS22-28,Semester 2,82
24-E&CS23-28,Semester 2,81
24-E&CS25-28,Semester 2,82
24-E&CS26-28,Semester 2,80
24-E&CS27-28,Semester 2,85
24-E&CS28-28,Semester 2,86
24-E&CS29-28,Semester 2,79
24-E&CS31-28,Semester 2,95
24-E&CS32-28,Semester 2,94
24-E&CS33-28,Semester 2,89
24-E&CS34-28,Semester 2,79
24-E&CS35-28,Semester 2,77
24-E&CS36-28,Semester 2,92
24-E&CS37-28,Semester 2,82
24-E&CS38-28,Semester 2,83
24-E&CS39-28,Semester 2,75
24-E&CS40-28,Semester 2,96
24-E&CS41-28,Semester 2,92
24-E&CS42-28,Semester 2,83
24-E&CS43-28,Semester 2,90
24-E&CS44-28,Semester 2,94
24-E&CS45-28,Semester 2,83
24-E&CS46-28,Semester 2,86
24-E&CS47-28,Semester 2,79
24-E&CS48-28,Semester 2,79
24-E&CS49-28,Semester 2,90
24-E&CS50-28,Semester 2,93
24-E&CS51-28,Semester 2,89
24-E&CS52-28,Semester 2,94
24-E&CS53-28,Semester 2,79
24-E&CS54-28,Semester 2,77
24-E&CS55-28,Semester 2,88
24-E&CS56-28,Semester 2,89
24-E&CS57-28,Semester 2,84
24-E&CS58-28,Semester 2,90
24-E&CS59-28,Semester 2,95
24-E&CS60-28,Semester 2,96
24-E&CS61-28,Semester 2,97
24-E&CS62-28,Semester 2,91
24-E&CS63-28,Semester 2,91
24-E&CS64-28,Semester 2,93
25-E&CS65-28,Semester 2,0
25-E&CS66-28,Semester 2,0
25-E&CS67-28,Semester 2,0
25-E&CS68-28,Semester 2,0
25-E&CS69-28,Semester 2,0
25-E&CS70-28,Semester 2,0
24-E&TCA01-28,Semester 2,0
24-E&TCA02-28,Semester 2,
24-E&TCA03-28,Semester 2,
24-E&TCA04-28,Semester 2,
24-E&TCA05-28,Semester 2,
24-E&TCA06-28,Semester 2,
24-E&TCA07-28,Semester 2,
24-E&TCA08-28,Semester 2,87
24-E&TCA09-28,Semester 2,79
24-E&TCA10-28,Semester 2,95
24-E&TCA11-28,Semester 2,94
24-E&TCA12-28,Semester 2,88
24-E&TCA13-28,Semester 2,92
24-E&TCA14-28,Semester 2,88
24-E&TCA15-28,Semester 2,91
24-E&TCA16-28,Semester 2,79
24-E&TCA17-28,Semester 2,87
24-E&TCA18-28,Semester 2,81
24-E&TCA19-28,Semester 2,86
24-E&TCA20-28,Semester 2,82
24-E&TCA21-28,Semester 2,81
24-E&TCA22-28,Semester 2,89
24-E&TCA23-28,Semester 2,79
24-E&TCA24-28,Semester 2,83
24-E&TCA25-28,Semester 2,89
24-E&TCA26-28,Semester 2,79
24-E&TCA27-28,Semester 2,82
24-E&TCA28-28,Semester 2,92
24-E&TCA29-28,Semester 2,92
24-E&TCA30-28,Semester 2,80
24-E&TCA31-28,Semester 2,75
24-E&TCA32-28,Semester 2,89
24-E&TCA33-28,Semester 2,90
24-E&TCA34-28,Semester 2,82
24-E&TCA35-28,Semester 2,91
24-E&TCA36-28,Semester 2,87
24-E&TCA37-28,Semester 2,81
24-E&TCA38-28,Semester 2,87
24-E&TCA39-28,Semester 2,80
24-E&TCA40-28,Semester 2,84
24-E&TCA41-28,Semester 2,85
24-E&TCA42-28,Semester 2,83
24-E&TCA43-28,Semester 2,89
24-E&TCA44-28,Semester 2,79
24-E&TCA45-28,Semester 2,90
24-E&TCA46-28,Semester 2,74
24-E&TCA47-28,Semester 2,82
24-E&TCA48-28,Semester 2,89
24-E&TCA49-28,Semester 2,85
24-E&TCA50-28,Semester 2,85
24-E&TCA51-28,Semester 2,87
24-E&TCA52-28,Semester 2,97
24-E&TCA53-28,Semester 2,87
24-E&TCA54-28,Semester 2,87
24-E&TCA55-28,Semester 2,97
24-E&TCA56-28,Semester 2,85
24-E&TCA57-28,Semester 2,82
24-E&TCA58-28,Semester 2,94
24-E&TCA59-28,Semester 2,97
24-E&TCA60-28,Semester 2,91
24-E&TCA61-28,Semester 2,78
24-E&TCA62-28,Semester 2,74
24-E&TCA63-28,Semester 2,89
25-E&TCA65-28,Semester 2,0
25-E&TCA66-28,Semester 2,0
25-E&TCA67-28,Semester 2,0
25-E&TCA68-28,Semester 2,0
25-E&TCA69-28,Semester 2,0
25-E&TCA70-28,Semester 2,0
25-E&TCA71-28,Semester 2,0
25-E&TCA72-28,Semester 2,0
24-E&TCB01-28,Semester 2,0
24-E&TCB02-28,Semester 2,0
24-E&TCB03-28,Semester 2,0
24-E&TCB04-28,Semester 2,0
24-E&TCB05-28,Semester 2,0
24-E&TCB06-28,Semester 2,0
24-E&TCB07-28,Semester 2,0
24-E&TCB08-28,Semester 2,96
24-E&TCB09-28,Semester 2,96
24-E&TCB10-28,Semester 2,77
24-E&TCB11-28,Semester 2,83
24-E&TCB12-28,Semester 2,90
24-E&TCB13-28,Semester 2,93
24-E&TCB14-28,Semester 2,83
24-E&TCB15-28,Semester 2,79
24-E&TCB16-28,Semester 2,94
24-E&TCB17-28,Semester 2,92
24-E&TCB18-28,Semester 2,82
24-E&TCB19-28,Semester 2,88
24-E&TCB20-28,Semester 2,81
24-E&TCB21-28,Semester 2,94
24-E&TCB22-28,Semester 2,95
24-E&TCB23-28,Semester 2,92
24-E&TCB24-28,Semester 2,79
24-E&TCB25-28,Semester 2,83
24-E&TCB26-28,Semester 2,94
24-E&TCB27-28,Semester 2,93
24-E&TCB28-28,Semester 2,78
24-E&TCB29-28,Semester 2,89
24-E&TCB30-28,Semester 2,94
24-E&TCB31-28,Semester 2,90
24-E&TCB32-28,Semester 2,83
24-E&TCB33-28,Semester 2,88
24-E&TCB34-28,Semester 2,88
24-E&TCB35-28,Semester 2,92
24-E&TCB36-28,Semester 2,93
24-E&TCB37-28,Semester 2,94
24-E&TCB38-28,Semester 2,91
24-E&TCB39-28,Semester 2,87
24-E&TCB40-28,Semester 2,93
24-E&TCB41-28,Semester 2,90
24-E&TCB42-28,Semester 2,80
24-E&TCB43-28,Semester 2,98
24-E&TCB44-28,Semester 2,81
24-E&TCB45-28,Semester 2,83
24-E&TCB46-28,Semester 2,88
24-E&TCB47-28,Semester 2,87
24-E&TCB48-28,Semester 2,90
24-E&TCB49-28,Semester 2,93
24-E&TCB50-28,Semester 2,83
24-E&TCB51-28,Semester 2,91
24-E&TCB52-28,Semester 2,76
24-E&TCB53-28,Semester 2,83
24-E&TCB54-28,Semester 2,88
24-E&TCB55-28,Semester 2,79
24-E&TCB56-28,Semester 2,83
24-E&TCB57-28,Semester 2,79
24-E&TCB58-28,Semester 2,82
24-E&TCB59-28,Semester 2,79
24-E&TCB60-28,Semester 2,83
24-E&TCB61-28,Semester 2,79
24-E&TCB62-28,Semester 2,83
24-E&TCB63-28,Semester 2,81
24-E&TCB65-28,Semester 2,78
25-E&TCB67-28,Semester 2,92
25-E&TCB68-28,Semester 2,88
25-E&TCB69-28,Semester 2,83
25-E&TCB70-28,Semester 2,80
25-E&TCB71-28,Semester 2,91
25-E&TCB72-28,Semester 2,79
25-E&TCB73-28,Semester 2,81
24-IoT01-28,Semester 2,0
24-IoT02-28,Semester 2,0
24-IoT03-28,Semester 2,0
24-IoT04-28,Semester 2,0
24-IoT05-28,Semester 2,0
24-IoT06-28,Semester 2,0
24-IoT07-28,Semester 2,0
24-IoT08-28,Semester 2,88
24-IoT09-28,Semester 2,81
24-IoT10-28,Semester 2,82
24-IoT11-28,Semester 2,84
24-IoT12-28,Semester 2,89
24-IoT13-28,Semester 2,75
24-IoT14-28,Semester 2,80
24-IoT15-28,Semester 2,82
24-IoT16-28,Semester 2,84
24-IoT17-28,Semester 2,84
24-IoT18-28,Semester 2,94
24-IoT19-28,Semester 2,80
24-IoT20-28,Semester 2,95
24-IoT21-28,Semester 2,95
24-IoT22-28,Semester 2,89
24-IoT23-28,Semester 2,78
24-IoT24-28,Semester 2,77
24-IoT25-28,Semester 2,79
24-IoT26-28,Semester 2,85
24-IoT27-28,Semester 2,76
24-IoT28-28,Semester 2,76
24-IoT29-28,Semester 2,88
24-IoT30-28,Semester 2,76
24-IoT31-28,Semester 2,84
24-IoT32-28,Semester 2,93
25-IoT33-28,Semester 2,77
25-IoT34-29,Semester 2,87
25-IoT35-30,Semester 2,78
24-ITA01-28,Semester 2,77
24-ITA02-28,Semester 2,79
24-ITA03-28,Semester 2,82
24-ITA04-28,Semester 2,81
24-ITA05-28,Semester 2,0
24-ITA06-28,Semester 2,0
24-ITA07-28,Semester 2,0
24-ITA08-28,Semester 2,95
24-ITA09-28,Semester 2,84
24-ITA10-28,Semester 2,87
24-ITA11-28,Semester 2,86
24-ITA12-28,Semester 2,90
24-ITA13-28,Semester 2,86
24-ITA14-28,Semester 2,92
24-ITA15-28,Semester 2,83
24-ITA16-28,Semester 2,95
24-ITA17-28,Semester 2,85
24-ITA18-28,Semester 2,90
24-ITA19-28,Semester 2,84
24-ITA20-28,Semester 2,94
24-ITA21-28,Semester 2,86
24-ITA22-28,Semester 2,95
24-ITA23-28,Semester 2,80
24-ITA24-28,Semester 2,87
24-ITA25-28,Semester 2,89
24-ITA26-28,Semester 2,86
24-ITA27-28,Semester 2,85
24-ITA28-28,Semester 2,87
24-ITA29-28,Semester 2,86
24-ITA30-28,Semester 2,90
24-ITA31-28,Semester 2,89
24-ITA32-28,Semester 2,92
24-ITA33-28,Semester 2,94
24-ITA34-28,Semester 2,87
24-ITA35-28,Semester 2,85
24-ITA36-28,Semester 2,92
24-ITA37-28,Semester 2,78
24-ITA38-28,Semester 2,94
24-ITA39-28,Semester 2,82
24-ITA40-28,Semester 2,82
24-ITA41-28,Semester 2,91
24-ITA42-28,Semester 2,93
24-ITA43-28,Semester 2,85
24-ITA44-28,Semester 2,86
24-ITA45-28,Semester 2,80
24-ITA46-28,Semester 2,95
24-ITA47-28,Semester 2,91
24-ITA48-28,Semester 2,86
24-ITA49-28,Semester 2,92
24-ITA50-28,Semester 2,95
24-ITA51-28,Semester 2,94
24-ITA52-28,Semester 2,82
24-ITA53-28,Semester 2,82
24-ITA54-28,Semester 2,82
24-ITA55-28,Semester 2,90
24-ITA56-28,Semester 2,89
24-ITA57-28,Semester 2,93
24-ITA58-28,Semester 2,85
24-ITA59-28,Semester 2,95
24-ITA60-28,Semester 2,88
24-ITA61-28,Semester 2,84
24-ITA62-28,Semester 2,88
24-ITA63-28,Semester 2,84
24-ITA64-28,Semester 2,80
25-ITA65-28,Semester 2,90
25-ITA66-29,Semester 2,93
25-ITA67-30,Semester 2,83
25-ITA68-31,Semester 2,92
25-ITA69-32,Semester 2,80
25-ITA70-33,Semester 2,91
24-ITB01-28,Semester 2,77
24-ITB02-28,Semester 2,0
24-ITB03-28,Semester 2,0
24-ITB04-28,Semester 2,0
24-ITB05-28,Semester 2,0
24-ITB06-28,Semester 2,0
24-ITB07-28,Semester 2,0
24-ITB08-28,Semester 2,94
24-ITB09-28,Semester 2,85
24-ITB10-28,Semester 2,96
24-ITB11-28,Semester 2,95
24-ITB12-28,Semester 2,92
24-ITB13-28,Semester 2,82
24-ITB14-28,Semester 2,92
24-ITB15-28,Semester 2,86
24-ITB16-28,Semester 2,86
24-ITB17-28,Semester 2,85
24-ITB18-28,Semester 2,82
24-ITB19-28,Semester 2,86
24-ITB20-28,Semester 2,88
24-ITB21-28,Semester 2,85
24-ITB22-28,Semester 2,84
24-ITB23-28,Semester 2,85
24-ITB24-28,Semester 2,89
24-ITB25-28,Semester 2,90
24-ITB26-28,Semester 2,82
24-ITB27-28,Semester 2,85
24-ITB28-28,Semester 2,85
24-ITB29-28,Semester 2,82
24-ITB30-28,Semester 2,87
24-ITB31-28,Semester 2,86
24-ITB32-28,Semester 2,91
24-ITB33-28,Semester 2,85
24-ITB34-28,Semester 2,85
24-ITB35-28,Semester 2,87
24-ITB36-28,Semester 2,84
24-ITB37-28,Semester 2,89
24-ITB38-28,Semester 2,79
24-ITB39-28,Semester 2,82
24-ITB40-28,Semester 2,91
24-ITB41-28,Semester 2,85
24-ITB42-28,Semester 2,83
24-ITB43-28,Semester 2,91
24-ITB44-28,Semester 2,87
24-ITB45-28,Semester 2,81
24-ITB46-28,Semester 2,79
24-ITB47-28,Semester 2,89
24-ITB48-28,Semester 2,94
24-ITB49-28,Semester 2,87
24-ITB50-28,Semester 2,87
24-ITB51-28,Semester 2,85
24-ITB52-28,Semester 2,90
24-ITB53-28,Semester 2,91
24-ITB54-28,Semester 2,87
24-ITB55-28,Semester 2,87
24-ITB56-28,Semester 2,86
24-ITB57-28,Semester 2,85
24-ITB58-28,Semester 2,82
24-ITB59-28,Semester 2,85
24-ITB60-28,Semester 2,82
24-ITB61-28,Semester 2,81
24-ITB62-28,Semester 2,79
24-ITB63-28,Semester 2,85
25-ITB64-28,Semester 2,0
25-ITB65-28,Semester 2,0
25-ITB66-28,Semester 2,0
25-ITB67-28,Semester 2,0
25-ITB68-28,Semester 2,0
25-ITB69-28,Semester 2,0
24-ITC01-28,Semester 2,87
24-ITC02-28,Semester 2,0
24-ITC03-28,Semester 2,0
24-ITC04-28,Semester 2,0
24-ITC05-28,Semester 2,0
24-ITC06-28,Semester 2,0
24-ITC07-28,Semester 2,0
24-ITC08-28,Semester 2,86
24-ITC09-28,Semester 2,84
24-ITC10-28,Semester 2,89
24-ITC11-28,Semester 2,90
24-ITC12-28,Semester 2,83
24-ITC13-28,Semester 2,91
24-ITC14-28,Semester 2,89
24-ITC15-28,Semester 2,96
24-ITC16-28,Semester 2,88
24-ITC17-28,Semester 2,95
24-ITC18-28,Semester 2,89
24-ITC19-28,Semester 2,92
24-ITC20-28,Semester 2,90
24-ITC21-28,Semester 2,82
24-ITC22-28,Semester 2,93
24-ITC23-28,Semester 2,87
24-ITC24-28,Semester 2,92
24-ITC25-28,Semester 2,92
24-ITC26-28,Semester 2,90
24-ITC27-28,Semester 2,88
24-ITC28-28,Semester 2,92
24-ITC29-28,Semester 2,92
24-ITC30-28,Semester 2,87
24-ITC31-28,Semester 2,90
24-ITC32-28,Semester 2,92
24-ITC33-28,Semester 2,91
24-ITC34-28,Semester 2,91
24-ITC35-28,Semester 2,85
24-ITC36-28,Semester 2,93
24-ITC37-28,Semester 2,91
24-ITC38-28,Semester 2,89
24-ITC39-28,Semester 2,94
24-ITC40-28,Semester 2,87
24-ITC41-28,Semester 2,90
24-ITC42-28,Semester 2,86
24-ITC43-28,Semester 2,89
24-ITC44-28,Semester 2,92
24-ITC45-28,Semester 2,93
24-ITC46-28,Semester 2,95
24-ITC47-28,Semester 2,91
24-ITC48-28,Semester 2,80
24-ITC49-28,Semester 2,92
24-ITC50-28,Semester 2,87
24-ITC51-28,Semester 2,94
24-ITC52-28,Semester 2,87
24-ITC53-28,Semester 2,88
24-ITC54-28,Semester 2,93
24-ITC55-28,Semester 2,87
24-ITC56-28,Semester 2,91
24-ITC57-28,Semester 2,92
24-ITC58-28,Semester 2,94
24-ITC59-28,Semester 2,89
24-ITC60-28,Semester 2,89
24-ITC61-28,Semester 2,90
24-ITC62-28,Semester 2,93
24-ITC63-28,Semester 2,85
25-ITC65-28,Semester 2,0
25-ITC66-28,Semester 2,0
25-ITC67-28,Semester 2,0
25-ITC68-28,Semester 2,0
25-ITC69-28,Semester 2,0
25-ITC70-28,Semester 2,0
24-MECH01-28,Semester 2,87
24-MECH02-28,Semester 2,0
24-MECH03-28,Semester 2,0
24-MECH04-28,Semester 2,0
24-MECH05-28,Semester 2,0
24-MECH06-28,Semester 2,0
24-MECH07-28,Semester 2,0
24-MECH08-28,Semester 2,92
24-MECH09-28,Semester 2,92
24-MECH10-28,Semester 2,78
24-MECH12-28,Semester 2,79
24-MECH13-28,Semester 2,78
24-MECH14-28,Semester 2,90
24-MECH15-28,Semester 2,86
24-MECH16-28,Semester 2,81
24-MECH17-28,Semester 2,79
24-MECH18-28,Semester 2,78
24-MECH19-28,Semester 2,78
24-MECH20-28,Semester 2,80
24-MECH21-28,Semester 2,82
24-MECH22-28,Semester 2,81
24-MECH23-28,Semester 2,95
24-MECH24-28,Semester 2,79
24-MECH25-28,Semester 2,78
24-MECH26-28,Semester 2,79
24-MECH27-28,Semester 2,79
24-MECH28-28,Semester 2,89
24-MECH29-28,Semester 2,79
24-MECH30-28,Semester 2,81
24-MECH31-28,Semester 2,81
24-MECH32-28,Semester 2,88
24-MECH33-28,Semester 2,87
24-MECH34-28,Semester 2,79
24-MECH35-28,Semester 2,79
24-MECH36-28,Semester 2,79
24-MECH37-28,Semester 2,79
24-MECH38-28,Semester 2,90
24-MECH39-28,Semester 2,81
24-MECH40-28,Semester 2,79
24-MECH41-28,Semester 2,79
24-MECH42-28,Semester 2,79
24-MECH43-28,Semester 2,81
24-MECH44-28,Semester 2,91
24-MECH45-28,Semester 2,79
24-MECH46-28,Semester 2,79
24-MECH47-28,Semester 2,85
24-MECH48-28,Semester 2,84
24-MECH49-28,Semester 2,83
24-MECH50-28,Semester 2,81
24-MECH51-28,Semester 2,92
24-MECH52-28,Semester 2,88
24-MECH53-28,Semester 2,81
24-MECH54-28,Semester 2,81
24-MECH55-28,Semester 2,80
24-MECH56-28,Semester 2,79
24-MECH57-28,Semester 2,81
24-MECH58-28,Semester 2,79
24-MECH59-28,Semester 2,81
24-MECH60-28,Semester 2,87
24-MECH61-28,Semester 2,82
24-MECH62-28,Semester 2,80
24-MECH63-28,Semester 2,78
25-MECH66-28,Semester 2,0
25-MECH67-28,Semester 2,0
25-MECH68-28,Semester 2,0
25-MECH69-28,Semester 2,0
25-MECH70-28,Semester 2,0
25-MECH71-28,Semester 2,0
25-MECH72-28,Semester 2,0
24-MME01-28,Semester 2,0
24-MME02-28,Semester 2,0
24-MME03-28,Semester 2,0
24-MME04-28,Semester 2,0
24-MME05-28,Semester 2,0
24-MME06-28,Semester 2,0
24-MME07-28,Semester 2,0
24-MME08-28,Semester 2,80
24-MME09-28,Semester 2,76
24-MME10-28,Semester 2,87
24-MME11-28,Semester 2,78
24-MME12-28,Semester 2,82
24-MME13-28,Semester 2,82
24-MME14-28,Semester 2,79
24-MME15-28,Semester 2,80
24-MME16-28,Semester 2,81
24-MME17-28,Semester 2,78
24-MME18-28,Semester 2,79
24-MME19-28,Semester 2,86
24-MME20-28,Semester 2,88
24-MME21-28,Semester 2,80
24-MME22-28,Semester 2,82
24-MME23-28,Semester 2,79
24-MME24-28,Semester 2,81
24-MME25-28,Semester 2,82
24-MME26-28,Semester 2,82
24-MME27-28,Semester 2,86
24-MME28-28,Semester 2,79
24-MME29-28,Semester 2,79
24-MME30-28,Semester 2,85
24-MME32-28,Semester 2,82
24-MME33-28,Semester 2,79
24-MME34-28,Semester 2,80
24-MME35-28,Semester 2,80
24-MME36-28,Semester 2,86
24-MME37-28,Semester 2,84
24-MME38-28,Semester 2,76
24-MME39-28,Semester 2,76
24-MME40-28,Semester 2,81
24-MME41-28,Semester 2,81
24-MME42-28,Semester 2,80
24-MME43-28,Semester 2,82
24-MME44-28,Semester 2,73
24-MME45-28,Semester 2,79
24-MME46-28,Semester 2,78
24-MME47-28,Semester 2,81
24-MME48-28,Semester 2,86
24-MME49-28,Semester 2,76
24-MME51-28,Semester 2,82
24-MME52-28,Semester 2,73
24-MME53-28,Semester 2,85
24-MME54-28,Semester 2,80
24-MME55-28,Semester 2,73
24-MME56-28,Semester 2,80
24-MME57-28,Semester 2,80
24-MME58-28,Semester 2,83
24-MME59-28,Semester 2,89
24-MME60-28,Semester 2,85
24-MME61-28,Semester 2,84
25-MME63-28,Semester 2,0
25-MME64-28,Semester 2,0
25-MME65-28,Semester 2,0
25-MME66-28,Semester 2,0
25-MME67-28,Semester 2,0
25-MME68-28,Semester 2,0
25-MME69-28,Semester 2,0
,,
,,
,,
